0,CombatZoneResize,133,251,508,391,TLResume
0,HeartTeleport,320,376,,,
0,HeartMode,1,,,,
0.9,BlackScreen,1,,,,,,,
0,Sound,Flash,,,,,,,
0.1,BlackScreen,0,,,,,,,
0,Sound,Flash,,,,,,,
0,SansSlam,3,,,,,,,
0,Sound,Ding
0,SansHead,Wink,,,,,,,
0,Sound,Dunk,,,,,,,
0,SansText,GET DUNKED ON!!!!!!!!,,,,,,,,
0.9,BlackScreen,1,,,,,,,
0.4,Sound,GasterBlaster,1.4,,,,,,
0.4,Sound,GasterBlaster,1.4,,,,,,
0.4,Sound,GasterBlaster,1.4,,,,,,
0.4,Sound,GasterBlaster,1.4,,,,,,
0.4,Sound,GasterBlaster,1.4,,,,,,
0.4,Sound,GasterBlaster,1.4,,,,,,
0.4,Sound,GasterBlaster,1.4,,,,,,
0.4,Sound,GasterBlaster,1.4,,,,,,
0.4,Sound,GasterBlaster,1.4,,,,,,
0.4,Sound,GasterBlaster,1.4,,,,,,
0.4,Sound,GasterBlaster,1.4,,,,,,
0.4,Sound,GasterBlaster,1.4,,,,,,
0.4,Sound,GasterBlaster,1.4,,,,,,
0.4,Sound,GasterBlaster,1.4,,,,,,
0,Sound,Flash,,,,,,,
0,Wait,1,,,,,,
0.5,SansBody,HandUp,,,,,,,
0,Sound,Ding
0,SansBody,HandRight,,,,,,,
0,Sound,Ding,,,,,,,
0,GasterBlaster,1,0,0,259,166,90,0.333,0.26666
0,GasterBlaster,1,640,480,449,366,180,0.333,0.26666
0,GasterBlaster,1,640,480,379,446,270,0.333,0.26666
0.1,BlackScreen,0,,,,,,,
0.4,Sound,GasterBlaster,1.4,,,,,,
0.4,SineBones,20,-24,360,25,,,,
1.1,SansAnimation,,,,,,,,
0,BoneV,128,366,20,0,240
0,BoneV,503,257,91,2,240
0,BoneV,503,366,20,2,240
0,BoneV,128,366,20,0,240
0,BoneV,503,257,91,2,240
0,BoneV,503,366,20,2,240
0,BoneV,128,366,20,0,240
0,BoneV,503,257,91,2,240
0,BoneV,503,366,20,2,240
0,BoneV,128,366,20,0,240
0,BoneV,503,257,91,2,240
0,BoneV,503,366,20,2,240
0,BoneV,128,366,20,0,240
0,BoneV,503,257,91,2,240
0,BoneV,503,366,20,2,240
0,BoneV,128,366,20,0,240
0,BoneV,503,257,91,2,240
0,BoneV,503,366,20,2,240
0,BoneV,128,366,20,0,240
0,BoneV,503,257,91,2,240
0,BoneV,503,366,20,2,240
0,BoneV,128,366,20,0,240
0,BoneV,503,257,91,2,240
0,BoneV,503,366,20,2,240
0,BoneV,128,366,20,0,240
0,BoneV,503,257,91,2,240
0,BoneV,503,366,20,2,240
0,BoneV,128,366,20,0,240
0,BoneV,503,257,91,2,240
0,BoneV,503,366,20,2,240
0,GasterBlaster,1,0,0,189,246,0,0.333,0.26666
0,GasterBlaster,1,0,0,259,166,90,0.333,0.26666
0,GasterBlaster,1,640,480,449,366,180,0.333,0.26666
0,GasterBlaster,1,640,480,379,446,270,0.333,0.26666
0.9,GasterBlaster,1,0,0,189,176,45,0.333,0.26666
0,GasterBlaster,1,640,0,449,176,135,0.333,0.26666
0,HeartMode,0,,,,
0,Sound,Ding
0,BoneV,128,366,20,0,240
0,BoneV,503,257,91,2,240
0,BoneV,503,366,20,2,240
0,GasterBlaster,1,640,480,449,436,225,0.333,0.26666
0,GasterBlaster,1,0,480,189,436,315,0.333,0.26666
0.9,GasterBlaster,1,0,0,189,246,0,0.333,0.26666
0,GasterBlaster,1,0,0,259,166,90,0.333,0.26666
0,GasterBlaster,1,640,480,449,366,180,0.333,0.26666
0,GasterBlaster,1,640,480,379,446,270,0.333,0.26666
0,HeartMode,0,,,,
0,Sound,Ding
0,BoneV,128,366,20,0,240
0,BoneV,503,257,91,2,240
0,BoneV,503,366,20,2,240
0.7,GasterBlaster,2,0,240,139,306,0,0.666,0.5
0,GasterBlaster,2,640,240,499,306,180,0.666,0.5
0,Platform,151,336,31,0,90,1,
0,GasterBlaster,151,336,31,0,90,1,
0,GasterBlaster,151,336,31,0,90,1,
0,HeartMode,0,,,,
0,Sound,Ding
0,BoneV,128,366,20,0,240
0,BoneV,503,257,91,2,240
0,BoneV,503,366,20,2,240
0,BoneV,128,366,20,0,240
0,BoneV,503,257,91,2,240
0,BoneV,503,366,20,2,240
0,BoneV,128,366,20,0,240
0,BoneV,503,257,91,2,240
0,BoneV,503,366,20,2,240
0,BoneV,128,366,20,0,240
0,BoneV,503,257,91,2,240
0,BoneV,503,366,20,2,240
0,BoneV,128,366,20,0,240
0,BoneV,503,257,91,2,240
0,BoneV,503,366,20,2,240
0,BoneV,128,366,20,0,240
0,BoneV,503,257,91,2,240
0,BoneV,503,366,20,2,240
0,BoneV,128,366,20,0,240
0,BoneV,503,257,91,2,240
0,BoneV,503,366,20,2,240
0,BoneV,128,366,20,0,240
0,BoneV,503,257,91,2,240
0,BoneV,503,366,20,2,240
0,BoneV,128,366,20,0,240
0,BoneV,503,257,91,2,240
0,BoneV,503,366,20,2,240
0,BoneV,128,366,20,0,240
0,BoneV,503,257,91,2,240
0,BoneV,503,366,20,2,240
0,BoneV,128,366,20,0,240
0,HeartMode,1,,,,
0,CombatZoneResize,113,231,548,391,TLResume,,
0,HeartTeleport,320,376,,,,,
0,HeartMode,1,,,,,,
0,TLPause,,,,,,,
0,Platform,151,336,31,0,90,1,
0,HeartTeleport,175,327,,,,,
0,BoneVRepeat,528,366,40,0,60,60,15
0,BoneVRepeat,283,268,40,3,90,12,65
0,BoneVRepeat,363,325,40,1,120,11,90
0,BoneVRepeat,443,268,40,3,90,12,65
7.3,EndAttack,,,,,,,
0,BoneV,503,257,91,2,240
0,BoneV,503,366,20,2,240
0,GasterBlaster,151,336,31,0,90,1,
0,GasterBlaster,151,336,31,0,90,1,
0.9,GasterBlaster,151,336,31,0,90,1,
0,GasterBlaster,151,336,31,0,90,1,
0,GasterBlaster,151,336,31,0,90,1,
0,GasterBlaster,151,336,31,0,90,1,
0,GasterBlaster,1,0,0,189,246,0,0.333,0.26666
0,GasterBlaster,1,0,0,259,166,90,0.333,0.26666
0,GasterBlaster,1,640,480,449,366,180,0.333,0.26666
0,GasterBlaster,1,640,480,379,446,270,0.333,0.26666
0,HeartMode,1,,,,
0,Sound,Ding
0,BoneV,128,366,20,0,240
0,BoneV,503,257,91,2,240
0,BoneV,503,366,20,2,240
0,BoneV,128,366,20,0,240
0,BoneV,503,257,91,2,240
0,BoneV,503,366,20,2,240
0,BoneV,128,366,20,0,240
0,BoneV,503,257,91,2,240
0,BoneV,503,366,20,2,240
0,BoneV,128,366,20,0,240
0,BoneV,503,257,91,2,240
0,BoneV,503,366,20,2,240
0,BoneV,128,366,20,0,240
0,BoneV,503,257,91,2,240
0,BoneV,503,366,20,2,240
0,BoneV,128,366,20,0,240
0,BoneV,503,257,91,2,240
0,BoneV,503,366,20,2,240
0,BoneV,128,366,20,0,240
0,BoneV,503,257,91,2,240
0,BoneV,503,366,20,2,240
0,BoneV,128,366,20,0,240
0,BoneV,503,257,91,2,240
0,BoneV,503,366,20,2,240
0,BoneV,128,366,20,0,240
0,BoneV,503,257,91,2,240
0,BoneV,503,366,20,2,240
0,BoneV,128,366,20,0,240
0,BoneV,503,257,91,2,240
0,BoneV,503,366,20,2,240
0.9,GasterBlaster,1,0,0,189,176,45,0.333,0.26666
0,GasterBlaster,1,640,0,449,176,135,0.333,0.26666
0,GasterBlaster,1,640,480,449,436,225,0.333,0.26666
0,GasterBlaster,1,0,480,189,436,315,0.333,0.26666
0,HeartMode,0,,,,
0,Sound,Ding
0,BoneV,128,366,20,0,240
0,BoneV,503,257,91,2,240
0,BoneV,503,366,20,2,240
0,BoneV,128,366,20,0,240
0,BoneV,503,257,91,2,240
0,BoneV,503,366,20,2,240
0,BoneV,128,366,20,0,240
0,BoneV,503,257,91,2,240
0,BoneV,503,366,20,2,240
0,BoneV,128,366,20,0,240
0,BoneV,503,257,91,2,240
0,BoneV,503,366,20,2,240
0,BoneV,128,366,20,0,240
0,BoneV,503,257,91,2,240
0,BoneV,503,366,20,2,240
0,BoneV,128,366,20,0,240
0,BoneV,503,257,91,2,240
0,BoneV,503,366,20,2,240
0,BoneV,128,366,20,0,240
0,BoneV,503,257,91,2,240
0,BoneV,503,366,20,2,240
0,BoneV,128,366,20,0,240
0,BoneV,503,257,91,2,240
0,BoneV,503,366,20,2,240
0,BoneV,128,366,20,0,240
0,BoneV,503,257,91,2,240
0,BoneV,503,366,20,2,240
0,BoneV,128,366,20,0,240
0,BoneV,503,257,91,2,240
0,BoneV,503,366,20,2,240
0,BoneV,128,366,20,0,240
0,BoneV,503,257,91,2,240
0,BoneV,503,366,20,2,240
0,BoneVRepeat,528,366,40,0,60,60,15
0,BoneVRepeat,283,268,40,3,90,12,65
0,BoneVRepeat,363,325,40,1,120,11,90
0,BoneVRepeat,443,268,40,3,90,12,65
0.4,BoneVRepeat,128,256,95,0,210,8,133
0,BoneVRepeat,128,365,20,0,210,8,133
0,BoneVRepeat,503,256,95,2,210,8,133
0,BoneVRepeat,503,365,20,2,210,8,133
$Time,BoneV,128,257,91,0,240
0,BoneV,128,366,20,0,240
0,BoneV,503,257,91,2,240
0,BoneV,503,366,20,2,240
0,JMPABS,6,,,,
$Time,BoneV,128,257,81,0,240
0,BoneV,128,356,30,0,240
0,BoneV,503,257,81,2,240
0,BoneV,503,356,30,2,240
0,JMPABS,6,,,,
$Time,BoneV,128,257,71,0,240
0,BoneV,128,346,40,0,240
0,BoneV,503,257,71,2,240
0,BoneV,503,346,40,2,240
0,JMPABS,6,,,,
$Time,BoneV,128,257,51,0,210
0,BoneV,128,326,60,0,210
0,BoneV,503,257,51,2,210
0,BoneV,503,326,60,2,210
cc
0,SansAnimation,,,,,,,,
0,SansHead,Wink,,,,,,,
0,Sound,Dunk,,,,,,,
0,TLPause,,,,,
7.3,EndAttack,,,,,
